Date,Keyword,Positive Percentage,Negative Percentage
2024-03-13,deforestation,71.42857142857143,28.57142857142857
2024-03-13,forestfires,0.0,0.0
2024-03-13,floods,5.0,95.0
2024-03-13,rain,25.0,75.0
2024-03-13,riverpollution,0.0,0.0
2024-03-26,deforestation,37.5,62.5
2024-03-26,forestfires,0.0,0.0
2024-03-26,floods,30.0,70.0
2024-03-26,rain,10.0,90.0
2024-03-26,riverpollution,0.0,0.0
2024-03-26,deforestation,37.5,62.5
2024-03-26,forestfires,0.0,0.0
2024-03-26,floods,30.0,70.0
2024-03-26,rain,10.0,90.0
2024-03-26,riverpollution,0.0,0.0
2024-03-26,deforestation,37.5,62.5
2024-03-26,forestfires,0.0,0.0
2024-03-26,floods,30.0,70.0
2024-03-26,rain,10.0,90.0
2024-03-26,riverpollution,0.0,0.0
2024-03-26,deforestation,37.5,62.5
2024-03-26,forestfires,0.0,0.0
2024-03-26,floods,30.0,70.0
2024-03-26,rain,10.0,90.0
2024-03-26,riverpollution,0.0,0.0
2024-03-26,deforestation,37.5,62.5
2024-03-26,forestfires,0.0,0.0
2024-03-26,floods,30.0,70.0
2024-03-26,rain,10.0,90.0
2024-03-26,riverpollution,0.0,0.0
2024-03-26,deforestation,37.5,62.5
2024-03-26,forestfires,0.0,0.0
2024-03-26,floods,30.0,70.0
2024-03-26,rain,10.0,90.0
2024-03-26,riverpollution,0.0,0.0
2024-03-26,deforestation,37.5,62.5
2024-03-26,forestfires,0.0,0.0
2024-03-26,floods,20.0,80.0
2024-03-26,rain,10.0,90.0
2024-03-26,riverpollution,0.0,0.0
2024-03-26,deforestation,42.857142857142854,57.14285714285714
2024-03-26,forestfires,0.0,0.0
2024-03-26,floods,15.0,85.0
2024-03-26,rain,15.0,85.0
2024-03-26,riverpollution,0.0,0.0
2024-03-26,deforestation,42.857142857142854,57.14285714285714
2024-03-26,forestfires,0.0,0.0
2024-03-26,floods,15.0,85.0
2024-03-26,rain,15.0,85.0
2024-03-26,riverpollution,0.0,0.0
2024-03-26,deforestation,42.857142857142854,57.14285714285714
2024-03-26,forestfires,0.0,0.0
2024-03-26,floods,15.0,85.0
2024-03-26,rain,15.0,85.0
2024-03-26,riverpollution,0.0,0.0
2024-03-26,deforestation,42.857142857142854,57.14285714285714
2024-03-26,forestfires,0.0,0.0
2024-03-26,floods,15.0,85.0
2024-03-26,rain,15.0,85.0
2024-03-26,riverpollution,0.0,0.0
2024-03-26,deforestation,42.857142857142854,57.14285714285714
2024-03-26,forestfires,0.0,0.0
2024-03-26,floods,15.0,85.0
2024-03-26,rain,15.0,85.0
2024-03-26,riverpollution,0.0,0.0
2024-03-26,deforestation,42.857142857142854,57.14285714285714
2024-03-26,forestfires,0.0,0.0
2024-03-26,floods,15.0,85.0
2024-03-26,rain,15.0,85.0
2024-03-26,riverpollution,0.0,0.0
2024-04-11,deforestation,86.66666666666667,13.333333333333334
2024-04-11,forestfires,0.0,0.0
2024-04-11,floods,35.0,65.0
2024-04-11,rain,15.0,85.0
2024-04-11,riverpollution,0.0,0.0
2024-04-11,deforestation,86.66666666666667,13.333333333333334
2024-04-11,forestfires,0.0,0.0
2024-04-11,floods,35.0,65.0
2024-04-11,rain,15.0,85.0
2024-04-11,riverpollution,0.0,0.0
